scenario_family,scenario,scenario_value,strategy_total_return_after_tax,strategy_total_return_pre_tax,benchmark_50_50_total_return,ibovespa_total_return,strategy_sharpe_after_tax,strategy_max_drawdown_after_tax,excess_return_vs_50_50_after_tax,total_tax_paid,total_transaction_cost,total_sales_value_turnover_proxy,total_trade_days
tax_treatment,tax_after_tax_baseline,0.15,1.2517469820924259,1.4339063462098318,1.043194908235543,0.3588675330808868,0.6923175189824752,-0.4262353043963527,0.2085520738568829,0.11730391399226917,0.05738213313735087,28.719757635244108,567
tax_treatment,tax_pre_tax,0.0,1.4339063462098225,1.4339063462098318,1.043194908235543,0.3588675330808868,0.765206001279232,-0.4250849926708984,0.39071143797427954,0.0,0.05738213313735087,28.719757635244108,567
