scenario_family,scenario,scenario_value,strategy_total_return_after_tax,strategy_total_return_pre_tax,benchmark_50_50_total_return,ibovespa_total_return,strategy_sharpe_after_tax,strategy_max_drawdown_after_tax,excess_return_vs_50_50_after_tax,total_tax_paid,total_transaction_cost,total_sales_value_turnover_proxy,total_trade_days
rolling_window,rolling_window_126,126,1.2300017515615083,1.4167574435701171,1.043194908235543,0.3588675330808868,0.6840145199685849,-0.4288543277206617,0.1868068433259653,0.12110872949872692,0.06253594476215586,31.299240353459002,601
rolling_window,rolling_window_252,252,1.2295112902447634,1.3886305236927003,1.043194908235543,0.3588675330808868,0.6797254117106593,-0.4428004488781849,0.1863163820092204,0.10110641828345099,0.039274207046548354,19.65674062679745,459
rolling_window,rolling_window_63,63,1.1794989656720944,1.352154953762831,1.043194908235543,0.3588675330808868,0.6693301299729466,-0.4331191446682473,0.1363040574365515,0.11639374278486839,0.0982776906125101,49.18798415156131,976
