scenario_family,scenario,scenario_value,strategy_total_return_after_tax,strategy_total_return_pre_tax,benchmark_50_50_total_return,ibovespa_total_return,strategy_sharpe_after_tax,strategy_max_drawdown_after_tax,excess_return_vs_50_50_after_tax,total_tax_paid,total_transaction_cost,total_sales_value_turnover_proxy,total_trade_days
transaction_cost,transaction_cost_0,0.0,1.9918969347045503,2.447540800826035,1.0431948193973484,0.3588675330808868,0.9559086556657137,-0.43228513655381584,0.9487021153072019,0.2568355625968949,0.0,73.94506991180035,848
transaction_cost,transaction_cost_0_0005,0.0005,1.909465578885841,2.3087113096852456,1.0431948193973484,0.3588675330808868,0.9286359140266874,-0.43247487749093205,0.8662707594884926,0.22771784279570056,0.07046647498844076,70.50170822593498,848
transaction_cost,transaction_cost_0_001,0.001,1.8318709161075524,2.1802767197444615,1.0431948193973484,0.3588675330808868,0.9023323938029253,-0.4326652629601131,0.788676096710204,0.20094141338657745,0.13451733557754744,67.32592645656248,848
transaction_cost,transaction_cost_0_0025,0.0025,1.6238066116483818,1.8475919420409954,1.0431948193973484,0.3588675330808868,0.8286148022606613,-0.43313996421844003,0.5806117922510334,0.1323867134101611,0.2950458497469465,59.15669287426276,847
transaction_cost,transaction_cost_0_005,0.005,1.3372708282795345,1.422205912236565,1.0431948193973484,0.3588675330808868,0.7191602906240072,-0.434088890477894,0.2940760088821861,0.047356805455374316,0.4866034682482573,48.903648558949854,847
