scenario_family,scenario,scenario_value,strategy_total_return_after_tax,strategy_total_return_pre_tax,benchmark_50_50_total_return,ibovespa_total_return,strategy_sharpe_after_tax,strategy_max_drawdown_after_tax,excess_return_vs_50_50_after_tax,total_tax_paid,total_transaction_cost,total_sales_value_turnover_proxy,total_trade_days
transaction_cost,transaction_cost_0,0.0,1.3102263870346431,1.526723169435451,1.043194908235543,0.3588675330808868,0.7158879853244973,-0.4257543532708745,0.26703147879910016,0.13802447773454132,0.0,29.656438920623305,564
transaction_cost,transaction_cost_0_0005,0.0005,1.2805053793689312,1.4793936696369654,1.043194908235543,0.3588675330808868,0.704000548678775,-0.4259950386830449,0.2373104711333882,0.1274729047534956,0.029165825863682812,29.18040877661466,567
transaction_cost,transaction_cost_0_001,0.001,1.2517469820924259,1.4339063462098318,1.043194908235543,0.3588675330808868,0.6923175189824752,-0.4262353043963527,0.2085520738568829,0.11730391399226917,0.05738213313735087,28.719757635244108,567
transaction_cost,transaction_cost_0_0025,0.0025,1.1687113877536217,1.3056762714501375,1.043194908235543,0.3588675330808868,0.657698882136588,-0.42695359283637835,0.12551647951807876,0.08883464271160521,0.13671493394264084,27.41134425549949,567
transaction_cost,transaction_cost_0_005,0.005,1.0383888402895538,1.1124293181272447,1.043194908235543,0.3588675330808868,0.6012319962680265,-0.4281424344924418,-0.004806067945989145,0.046209721410012825,0.2525669960823613,25.382983106277315,565
