scenario_family,scenario,scenario_value,strategy_total_return_after_tax,strategy_total_return_pre_tax,benchmark_50_50_total_return,ibovespa_total_return,strategy_sharpe_after_tax,strategy_max_drawdown_after_tax,excess_return_vs_50_50_after_tax,total_tax_paid,total_transaction_cost,total_sales_value_turnover_proxy,total_trade_days
entry_threshold,entry_threshold_1,1.0,1.2059768051966793,1.358757137948778,1.043194908235543,0.3588675330808868,0.6720138976309492,-0.4275311230799732,0.16278189696113632,0.09864867594648652,0.17406569085285822,87.11987827185553,1536
entry_threshold,entry_threshold_1_25,1.25,1.181124890661648,1.3359463638341702,1.043194908235543,0.3588675330808868,0.6622305163894175,-0.43074870347819216,0.1379299824261051,0.1008474670023041,0.12429610078641129,62.21019844359885,1183
entry_threshold,entry_threshold_1_5,1.5,1.218730336343922,1.3888355991350183,1.043194908235543,0.3588675330808868,0.6785117173692468,-0.4301488468888708,0.17553542810837897,0.1110642793369944,0.08941945995460734,44.754439707280966,870
entry_threshold,entry_threshold_2,2.0,1.2376822455642955,1.4224240901959107,1.043194908235543,0.3588675330808868,0.6860889943137448,-0.426737337587898,0.19448733732875256,0.12045173228851652,0.052810402965150494,26.431606684057822,518
