scenario_family,scenario,scenario_value,strategy_total_return_after_tax,strategy_total_return_pre_tax,benchmark_50_50_total_return,ibovespa_total_return,strategy_sharpe_after_tax,strategy_max_drawdown_after_tax,excess_return_vs_50_50_after_tax,total_tax_paid,total_transaction_cost,total_sales_value_turnover_proxy,total_trade_days
entry_threshold,entry_threshold_1,1.0,1.8355091377745532,2.1905164455761614,1.0431948193973484,0.3588675330808868,0.904228058623658,-0.43106732289048666,0.7923143183772048,0.20301132913281633,0.14350392256857247,71.82371324557052,914
entry_threshold,entry_threshold_1_25,1.25,1.6685880512171827,1.965946417813372,1.0431948193973484,0.3588675330808868,0.8472220956399962,-0.42972213878184085,0.6253932318198343,0.17695840700707882,0.09426667884900662,47.18047276392781,692
entry_threshold,entry_threshold_1_5,1.5,1.6318062848177854,1.923946209445817,1.0431948193973484,0.3588675330808868,0.8337556994900566,-0.42669374459185205,0.5886114654204371,0.17759432454238605,0.07005996365687803,35.06501181026745,542
entry_threshold,entry_threshold_2,2.0,1.3998246331075506,1.6129736791538298,1.0431948193973484,0.3588675330808868,0.7491744453459261,-0.4321664854811115,0.3566298137102022,0.13388333007884706,0.03538536572847244,17.71037554710046,356
